{"playerPosition":{"x":0.39646244049072268,"y":-0.01489993929862976,"z":-12.554826736450196}}