{"playerPosition":{"x":2.689849615097046,"y":-0.004999995231628418,"z":-4.210708141326904}}